{
    "CLI_package_name": "certora-cli",
    "CLI_version": "7.21.1",
    "branch": "master",
    "certora_ci_client": null,
    "conf": {
        "files": [
            "src/Chekanka.sol"
        ],
        "msg": "ERC20Rules",
        "mutations": {
            "gambit": [
                {
                    "filename": "src/Chekanka.sol",
                    "num_mutants": 5
                }
            ],
            "msg": "basic mutation configuration"
        },
        "process": "emv",
        "verify": "Chekanka:certora/spec/ERC20.spec"
    },
    "conf_path": "default.conf",
    "cwd_relative": ".",
    "dirty": false,
    "group_id": null,
    "main_spec": "certora/spec/ERC20.spec",
    "origin": "",
    "python_version": "3.12.3",
    "raw_args": [
        "/home/antoniokapuchino/.local/bin/certoraRun",
        "./certora/conf/default.conf"
    ],
    "revision": "0d0d1f53d594e8a5ab4056439a5623944419def5",
    "timestamp": "1734795743.593899"
}